{
    "coverImageFilename": "Cover.png",
    "icon": "Cover.png",
    "components": [
        {
            "Type": "AssetsMod",
            "InstallAction": {
                "PreloadFiles": [
                    "{{Note}}"
                ],
                "Actions": [
                    {
                        "Type": "ReplaceAsset",
                        "FromDataFile": "CubeNoteSmoothHD.dat",
                        "Locator": {
                            "TypeIs": "Mesh",
                            "NameIs": "CubeNoteSmoothHD"
                        },
                        "AllowOverwriteName": false,
                        "StepNumber": 1
                    }
                ]
            },
            "UninstallAction": {
                "PreloadFiles": [
                    "{{Note}}"
                ],
                "Actions": [
                    {
                        "Type": "RestoreAsset",
                        "Locator": {
                            "TypeIs": "Mesh",
                            "NameIs": "CubeNoteSmoothHD"
                        },
                        "StepNumber": 1
                    }
                ]
            }
        }
    ],
    "version": "1.0.0",
    "links": {},
    "description": [
        "Transparent Cube Design: Helps to see the arrows through Cubes"
    ],
    "gameVersion": "1.8.0",
    "platform": "Quest",
    "id": "TransparentCubeDesign",
    "name": "Transparent Cube Design",
    "author": "Catrocket",
    "category": "Other"
}